region,cash capita,formal wage,child mortality,disabled,alcoholism,narcotism,gross product,living area,poor living conditions,general morbidity,teen pregnancy,brith,proverty percent,poverty children,poverty pensioner,poverty man,minerals mining,electricity and gas,water and garbage collection,manufacturing industries,industrial production,retail per capita,orhans,adopted children,number of pensioners,pension,living_wage,children %,population,retired %
Белгородская область,30692.5,30920.333333333332,139.21875,2155027.8333333335,76.47500000000001,4.216666666666667,244680.468,17.8,0.4,72686.75,1122.5333333333333,15822.873749999999,14.75769230769231,44.8,12.9,42.3,158411361.2,26791541.65,10532428.475000001,702250454.7475,897985786.0224999,202995.55555555556,215.25,249.375,414591.14285714284,16606.24,9593.0,18.31038564375,1541259.0,27.214285714285715
Брянская область,26015.5,26399.166666666668,154.40625,1131006.6666666667,169.41666666666669,14.049999999999999,123532.82,24.1,0.0,77822.6,881.6333333333333,12637.248124999998,20.042307692307695,44.8,3.7,51.6,296917.6,17344879.15,8773979.425,229727711.45,256143487.625,196209.66666666666,350.5,322.0,291857.5714285714,16274.25,10950.0,18.620792845,1182682.0,27.428571428571427
Владимирская область,23908.333333333332,29127.166666666668,142.78125,1318312.0,121.35000000000001,9.741666666666667,149340.336,16.1,0.0,93964.65,1356.9,14255.8125,23.0923076923077,34.8,4.8,60.4,4849978.175000001,36170907.3725,11442077.2225,468223820.4625,520686783.2325,156336.11111111112,408.5,485.625,396645.14285714284,16415.19,10808.0,17.9897940075,1342099.0,28.914285714285715
Воронежская область,30422.833333333332,30077.0,216.3125,2291731.5,129.575,16.508333333333336,168933.316,19.9,0.1,54782.65,398.3,22572.365625,19.438461538461535,28.5,2.3,69.2,8066536.025,109002283.43249999,14969465.45,482431170.57500005,614469455.4825001,222931.88888888888,207.375,644.5,627980.7142857143,15589.71,9053.0,17.079092595000002,2305608.0,28.485714285714288
Ивановская область,24567.833333333332,24856.666666666668,116.25,828748.6666666666,154.69166666666666,10.558333333333334,98471.104,18.1,0.9,88113.7,685.7666666666668,10306.934375,30.826923076923077,47.5,5.0,47.5,1033696.0,30169063.15,5282217.5,157071216.75,193556193.4,159397.22222222222,402.625,282.5,281335.0,15864.25,10581.0,17.83535117125,987032.0,28.457142857142856
Калужская область,29652.333333333332,36595.166666666664,107.71875,814970.3333333334,121.14166666666665,9.141666666666666,196359.24,15.5,0.0,73392.3,337.09999999999997,10689.56,19.376923076923074,31.1,18.4,50.4,4025444.6249999995,23811903.45,9653256.625,817518945.8499999,855009550.5500001,187557.88888888888,253.375,242.625,259523.14285714287,16659.32,10964.0,18.05518845,1000980.0,27.74285714285714
Костромская область,23997.833333333332,26784.0,90.875,629381.1666666666,105.26666666666667,11.016666666666666,135356.548,14.5,0.9,74140.05,845.6666666666666,7325.060625000001,21.426923076923078,39.9,6.6,53.5,722849.5249999999,37505769.125,3475098.0749999997,133876644.795,175580361.52,152587.22222222222,148.0,188.0,177548.2857142857,15909.41,11010.0,19.904326899999997,628423.0,27.714285714285715
Курская область,27167.833333333332,29162.166666666668,137.90625,1260553.5,146.275,18.05,170308.99200000003,17.1,0.0,54176.85,326.09999999999997,11625.124375,18.44230769230769,34.2,6.5,59.2,92404853.925,59084033.35,7219572.149999999,194623977.70000002,353332437.125,180892.22222222222,276.875,221.625,302172.14285714284,15618.83,9997.0,18.3634055075,1096488.0,28.371428571428574
Липецкая область,29782.0,30319.5,115.6875,1240513.8333333333,139.51666666666662,12.649999999999999,217216.26799999998,16.5,0.0,66858.9,859.6666666666666,11952.746874999999,14.71923076923077,40.0,0.8,59.3,6848052.075,24792685.3,11362149.25,701470848.85,744473735.45,209416.66666666666,290.375,232.75,314819.0,16104.01,9828.0,18.55077305125,1128192.0,28.057142857142853
Московская область,43506.333333333336,49282.333333333336,593.28125,4433168.166666667,83.14166666666667,17.183333333333334,255299.89599999998,14.8,0.5,70404.35,815.5,79399.61249999999,16.03076923076923,49.9,5.7,44.4,13963392.174999999,280464699.6125,94474868.0625,2764884561.6549997,3153787521.505,289690.3333333333,1155.875,1821.125,1751143.5714285714,17659.36,13169.0,18.75572630125,7708499.0,24.514285714285716
Орловская область,24481.833333333332,26455.166666666668,85.125,647316.5,121.95,3.266666666666666,144886.38400000002,18.8,0.3,95950.0,1202.7,7664.8725,20.41923076923077,41.5,8.0,50.5,220494.95,13519922.125,4135223.575,117474747.72500001,135350388.375,167366.44444444444,408.375,226.5,190578.2857142857,16759.66,10378.0,17.96694279,724686.0,28.857142857142858
Рязанская область,25233.333333333332,30737.5,120.4375,1386434.1666666667,106.94166666666666,13.441666666666665,158744.296,19.0,0.1,69944.1,529.9,11123.372500000001,21.315384615384616,37.0,3.3,59.7,1631393.55,39072599.1,6728878.699999999,312083159.425,359516030.775,167230.11111111112,311.25,249.375,305245.85714285716,16213.53,10785.0,17.142944763750002,1098257.0,29.857142857142858
Смоленская область,25576.833333333332,28106.833333333332,105.75,792538.1666666666,150.45,15.783333333333331,150257.084,19.4,1.0,70297.7,545.6666666666666,9159.1225,19.411538461538463,34.7,12.0,53.3,1725722.7,54530737.8,10275663.175,207638354.52500004,274170478.25,171163.44444444444,542.25,282.75,259018.2857142857,15709.36,10752.0,17.02758432125,921127.0,28.0
Тамбовская область,26593.833333333332,25865.5,105.0625,1159993.1666666667,105.45833333333331,3.2249999999999996,144409.12,19.7,0.3,64812.75,1675.2666666666667,9434.561249999999,17.476923076923075,33.5,7.6,58.9,226047.8,15585229.28,3787303.6724999994,164407488.6225,184006069.29999998,185064.66666666666,268.625,199.625,291929.4285714286,15005.06,10178.0,16.6029463275,994420.0,30.08571428571429
Тверская область,25350.833333333332,29876.5,166.875,1029240.1666666666,117.88333333333337,7.6499999999999995,153685.604,17.5,0.3,88438.65,632.9,13530.498749999999,21.542307692307695,31.0,3.8,65.1,818245.15,97523356.29999998,7650470.09,310013951.4375,416006022.9275,175691.11111111112,442.0,545.625,363694.85714285716,16276.23,11138.0,18.1714169325,1245619.0,29.057142857142857
Тульская область,27441.833333333332,33716.0,160.15625,1555811.3333333333,121.12499999999999,6.358333333333334,172046.40399999998,16.6,0.5,72066.1,1103.8999999999999,13678.560625,15.753846153846156,38.8,5.3,56.0,6901331.625,52475929.900000006,12656186.575000001,731226136.6425,803259584.7425,184551.22222222222,475.75,355.5,365303.0,17346.6,10999.0,16.254712742499997,1449115.0,30.17142857142857
Ярославская область,27634.666666666668,32216.333333333332,116.0625,1082093.8333333333,120.0,9.041666666666666,196090.46400000004,15.8,0.3,87847.54999999999,1165.5,13513.123124999998,16.17307692307692,31.9,2.3,65.8,1459038.625,44894081.375,10014057.775,386209357.31749994,442576535.09250003,179946.55555555556,528.875,338.875,358271.0,16895.38,10668.0,18.59582014,1241424.0,25.042857142857144
г. Москва,68295.0,81277.66666666667,934.2352941176471,10738639.5,51.81666666666667,14.833333333333334,666775.68,13.8,0.2,63887.45,29.900000000000002,126391.95749999999,13.246153846153845,38.4,13.2,48.5,1483556769.8249998,821841736.6,162852200.425,6690318143.4,9158568850.3725,381303.22222222225,1751.125,1139.75,2629444.285714286,17840.8,17740.0,16.3624661825,12655050.0,26.828571428571426
Республика Карелия,28694.333333333332,37844.333333333336,68.59375,649637.5,178.8416666666667,5.666666666666667,201989.98,17.1,1.7,111896.45,1420.9666666666665,7024.435000000001,17.588461538461537,39.0,3.0,58.1,84099106.925,26187020.175,3682623.8,116973843.5775,230942594.4775,187858.77777777778,299.0,216.375,210027.14285714287,20329.67,14196.0,19.951755412500003,609071.0,26.67142857142857
Республика Коми,33560.5,48616.833333333336,119.40625,658566.3333333334,159.9416666666667,17.058333333333334,354481.54400000005,15.5,3.6,109454.3,2441.1,10671.30625,16.673076923076923,40.1,6.6,53.3,361085663.3,44297418.47,7317547.375,188525587.55,601226216.6949999,186469.0,883.875,351.125,257856.57142857142,20987.87,14567.0,22.020304464999995,813590.0,22.114285714285717
Ненецкий автономный округ,76707.66666666667,80050.5,8.53125,30787.166666666668,242.29999999999998,8.891666666666666,2313806.2086956524,20.9,4.1,140189.45,2943.2333333333336,670.75,9.053846153846154,45.6,2.0,52.4,308749444.075,3981916.7500000005,527223.1875,9904088.049999999,323162672.0625,205996.0,62.5,32.25,11658.285714285714,25659.98,21757.0,26.95241063,44389.0,18.97142857142857
Архангельская область,31840.0,43617.166666666664,143.375,906544.1666666666,95.42222222222223,3.255555555555555,165659.65652173915,16.9,0.7,100714.75,1738.5999999999997,12909.499375,13.833333333333336,28.5,7.2,64.3,31165007.900000002,33846746.80500001,5585370.305,243549474.995,314146600.005,216156.77777777778,988.25,466.25,367776.71428571426,20534.57,13304.0,20.32935614875,1082662.0,27.442857142857147
Вологодская область,27058.5,34297.833333333336,156.03125,1018757.5,99.68333333333332,9.183333333333334,228138.928,16.9,0.3,90274.5,528.1,14235.561249999999,17.86923076923077,43.1,2.3,54.6,669063.05,40798652.67,8383994.975,674438091.52,724289802.215,152468.66666666666,614.875,631.5,318940.71428571426,17270.71,11428.0,20.791159465,1151042.0,25.971428571428568
Калининградская область,27261.166666666668,32327.0,99.78125,733852.8333333334,92.15833333333332,8.299999999999999,204617.41200000004,15.6,1.5,76454.25,486.8333333333333,10735.68125,19.984615384615388,29.1,6.1,64.8,17517609.650000002,40667273.05,6931951.5,554925126.585,620041960.7850001,163340.33333333334,375.125,241.75,232510.85714285713,15817.67,12084.0,19.14198646125,1018624.0,24.957142857142856
Ленинградская область,30088.166666666668,41325.333333333336,118.53125,1438040.3333333333,95.90833333333332,17.783333333333335,264457.96,17.0,1.6,64176.549999999996,612.6999999999999,14647.6875,21.519230769230774,19.0,17.0,64.1,14594450.200000001,144040150.25,16499354.325,1052756373.95,1227890328.725,209093.33333333334,646.75,558.5,426627.4285714286,17118.65,11289.0,16.69770325,1892711.0,27.271428571428572
Мурманская область,40922.5,56300.333333333336,90.3125,301545.1666666667,114.10833333333333,26.149999999999995,312435.43200000003,17.7,0.6,85433.1,753.3333333333334,8342.06125,15.803846153846155,43.7,0.4,55.8,136686851.2,57964703.940000005,9267728.58,353013923.45,556933207.175,218585.55555555556,330.75,217.75,224775.57142857142,21865.26,17723.0,20.23037542125,732864.0,21.75714285714286
Новгородская область,25706.0,30229.333333333332,73.78125,616694.5,154.24166666666665,12.1,196229.27599999998,17.6,0.0,89095.05,670.6666666666666,6602.934375000001,19.51923076923077,40.1,1.3,58.6,1221826.225,20157764.0,3294941.05,198496487.55,223171018.7,183923.22222222222,170.125,252.875,171898.14285714287,16591.98,11352.0,19.039895744999995,592415.0,29.17142857142857
Псковская область,23780.166666666668,25903.166666666668,82.5,507972.1666666667,147.65833333333333,11.175000000000002,122982.07200000001,15.0,0.0,68390.8,661.6666666666666,6563.185,23.21153846153847,29.6,9.3,61.0,1959051.65,11748870.575,5282303.75,111416275.9,130406501.875,172898.88888888888,281.375,266.125,178365.42857142858,15891.14,11441.0,18.014985423749998,620249.0,29.371428571428574
г. Санкт-Петербург,43499.0,56931.666666666664,413.75,6107657.166666667,44.925000000000004,18.908333333333335,355494.408,15.7,0.1,97324.25,519.6333333333333,58191.984999999986,13.926923076923076,25.7,9.8,64.6,29306675.700000003,211623404.925,66071914.125,2520337441.5249996,2827339436.275,251650.22222222222,1495.25,842.875,1318910.5714285714,18121.61,11910.0,16.383031445,5384342.0,26.628571428571426
Республика Адыгея (Адыгея),26924.666666666668,26584.666666666668,53.65625,353184.1666666667,117.06666666666666,27.544444444444444,107133.48800000001,19.6,3.0,66094.3,330.1333333333334,5166.18375,25.48076923076923,44.6,5.4,50.1,3066325.625,3044502.0250000004,1750526.5750000002,50554393.625,58415747.85,200947.55555555556,33.375,164.625,103181.42857142857,14803.15,9876.0,21.305339625000002,463167.0,25.142857142857142
Республика Калмыкия,17105.666666666668,25170.833333333332,47.9375,227142.66666666666,87.8111111111111,12.11111111111111,110568.75200000001,20.2,0.0,68861.1,132.86666666666667,3700.8125,41.79615384615385,33.8,0.3,65.9,0.0,2943488.7249999996,0.0,866245.105,5976591.147500001,74042.66666666667,18.25,61.875,58344.28571428572,14185.45,10443.0,23.926232175000003,269984.0,21.614285714285717
Республика Крым,20024.166666666668,28219.0,107.28571428571429,1317359.8333333333,0.0,0.0,59827.64782608696,19.0,0.4,52444.75,1852.9333333333334,9030.0625,19.583333333333336,48.2,1.7,50.1,12125549.15,39936970.975,7529568.524999999,92924518.435,152516607.085,128618.875,163.875,475.0,497698.6666666667,14753.52,11074.0,19.42278379,1901578.0,27.7
Краснодарский край,34074.5,32387.0,569.34375,4458424.5,82.94444444444444,22.244444444444444,190935.80400000003,18.1,1.0,66145.15,887.1,64698.486874999995,20.807692307692307,39.3,6.9,53.8,48578062.05,115584589.76499999,30647632.3225,958763552.8225,1153573836.96,237485.55555555556,372.625,1177.25,1359581.857142857,15542.26,11261.0,20.261766042500003,5683947.0,25.742857142857144
Астраханская область,23899.5,31866.5,145.71875,463602.8333333333,115.06666666666666,8.455555555555556,186836.00400000002,19.2,0.2,63367.850000000006,661.6,13403.935624999998,20.36538461538462,42.1,5.5,52.4,290498866.85,28662224.7,5713025.7975,67181972.225,392056089.5725,169976.22222222222,408.625,427.375,216465.57142857142,14775.47,10793.0,21.933635484999996,997778.0,23.8
Волгоградская область,22899.0,29850.666666666668,320.28125,1835274.3333333333,105.53333333333333,15.5,161774.264,17.9,0.6,64322.45,725.4000000000001,26740.798125,19.738461538461536,46.2,4.0,49.8,51153306.375,71067731.9375,18490929.3,821964051.3824999,962676018.995,149409.88888888888,353.0,905.125,644197.0,15777.05,9864.0,18.772043145,2474556.0,26.985714285714288
Ростовская область,28582.5,30170.666666666668,551.4375,3740300.5,77.24444444444445,10.5,152250.328,18.2,0.5,80601.6,1309.0666666666666,44723.35249999999,18.95,43.9,1.6,54.5,32842315.625,153807890.14499998,35008989.025000006,850696384.9125,1072355579.6075,211610.22222222222,561.75,1227.75,1066319.2857142857,15314.42,10787.0,18.474006613750003,4181486.0,26.7
г. Севастополь,26865.833333333332,29421.5,19.428571428571427,215428.16666666666,0.0,0.0,66155.12608695652,13.7,1.2,51587.8,701.2333333333332,2051.061875,11.85,45.2,2.1,52.7,0.0,9683072.7,0.0,14017744.65,28074537.674999997,138725.75,36.5,80.625,102144.0,15856.21,11396.0,18.17077031125,509992.0,26.742857142857144
Республика Дагестан,26623.333333333332,24190.166666666668,698.625,3176434.6666666665,30.88888888888889,16.433333333333334,94801.812,22.5,0.7,79789.35,246.26666666666668,50170.424374999995,30.815384615384616,38.3,5.0,56.7,5012344.35,19621097.549999997,2125155.1750000003,44104514.0,70863111.075,189148.33333333334,127.125,507.875,374554.14285714284,13567.11,10465.0,28.98536768875,3133303.0,13.528571428571428
Республика Ингушетия,16064.166666666666,24857.333333333332,122.625,591987.6666666666,1.0888888888888888,3.6222222222222222,57095.112,27.8,0.0,67861.85,274.3,8937.747500000001,50.49615384615385,38.1,10.6,51.3,1163110.425,1183899.9375,587482.925,2084606.875,5019100.1625,47648.22222222222,0.0,104.75,44778.71428571428,16292.12,10353.0,32.426316035,515564.0,12.328571428571427
Кабардино-Балкарская Республика,20569.666666666668,24720.166666666668,130.3125,604395.6666666666,79.66666666666667,23.366666666666667,84900.384,18.9,0.5,45707.2,196.5333333333333,11785.871874999999,29.2923076923077,35.9,6.7,57.4,323572.94999999995,9138004.9,1335262.55,32968677.869999997,43765518.245,145186.33333333334,101.875,152.25,149605.85714285713,13329.9,11311.0,23.82785532,869191.0,19.91428571428571
Карачаево-Черкесская Республика,18200.166666666668,24490.833333333332,71.375,541110.8333333334,61.133333333333326,21.37777777777778,84695.48800000001,18.3,1.7,66186.2,187.0,5727.991249999999,31.630769230769225,27.6,6.9,65.5,2770560.175,9519976.8,1281382.0,29686571.650000002,43258490.625,81167.77777777778,81.75,91.75,85425.0,14453.3,10277.0,22.863087193749998,465357.0,21.7
Республика Северная Осетия — Алания,23077.5,25829.333333333332,102.125,662106.8333333334,61.92222222222222,7.98888888888889,102162.86799999999,16.4,2.2,71479.85,50.133333333333326,9633.998124999998,21.973076923076917,34.8,6.8,58.4,674591.775,9059991.525,1569211.8000000003,21136800.55,32440595.65,154792.11111111112,122.875,110.625,164931.7142857143,15154.8,9854.0,23.23422336125,693098.0,22.842857142857145
Чеченская Республика,23330.5,25364.0,368.9655172413793,1730544.5,19.38888888888889,10.077777777777778,59785.5,19.2,0.4,56307.95,418.76666666666665,32349.106874999994,9.405555555555555,43.7,6.2,50.1,5169622.175,19031511.15,1735623.35,10858456.4,36795213.075,110248.44444444444,0.0,336.125,194732.14285714287,15276.24,11240.0,37.578352295,1497992.0,10.114285714285714
Ставропольский край,22733.166666666668,28220.5,368.6875,2222457.8333333335,52.266666666666666,17.433333333333334,120022.11600000001,19.0,0.5,57594.100000000006,607.8333333333334,32139.736249999994,24.93076923076923,39.2,1.9,58.9,10890881.375,77458091.94999999,11092583.875,290906191.5,390347748.75,176767.33333333334,798.5,652.625,602059.1428571428,15114.33,9777.0,20.577898296249998,2792796.0,24.042857142857144
Республика Башкортостан,28903.333333333332,32225.0,562.75,2667438.6666666665,100.58333333333333,9.458333333333334,186549.52400000003,17.4,0.3,84716.1,988.6333333333332,52001.60937499999,17.692307692307693,40.1,4.5,55.4,267563216.325,132644913.7675,25599343.475,1203815317.3700001,1629622790.9374998,210419.44444444444,878.25,1382.625,974313.7142857143,16192.29,9834.0,22.1597987175,4013786.0,23.571428571428573
Республика Марий Эл,19778.333333333332,26877.5,87.0,661144.5,125.16666666666667,6.550000000000001,119959.90800000001,16.5,1.0,92493.8,1042.8999999999999,8509.748125,35.10769230769231,32.8,5.8,61.5,736715.275,11831215.7775,5623352.95,153565910.3975,171757194.4,122354.44444444444,233.125,171.5,172500.57142857142,15071.34,9846.0,21.194819742500002,675332.0,25.014285714285716
Республика Мордовия,18784.166666666668,26038.0,76.71875,730052.6666666666,133.35833333333335,7.591666666666665,129067.204,20.0,0.0,67150.4,550.6666666666666,7377.246875000001,29.63076923076923,26.8,12.1,61.2,94286.04999999999,12515915.0,4474408.025,200033500.375,217118109.425,109921.33333333333,192.0,94.875,211531.0,15187.69,9378.0,16.855836415000002,778965.0,27.371428571428574
Республика Татарстан (Татарстан),33778.333333333336,34007.666666666664,447.3125,2997838.1666666665,76.76666666666667,11.966666666666667,275448.456,16.2,0.6,79905.29999999999,724.4333333333334,48107.235624999994,13.38846153846154,42.0,7.3,50.7,625296919.375,139786086.1025,37070421.074999996,1853920125.825,2656073552.4775,223452.11111111112,529.25,951.125,959911.5714285715,16306.04,9600.0,20.937255096250002,3894120.0,24.357142857142858
Удмуртская Республика,24368.833333333332,30437.0,204.1875,1101490.3333333333,112.39166666666665,10.125000000000002,185753.64,14.8,0.6,97955.0,2360.1,19424.999375,20.92307692307692,49.9,2.7,47.5,221480490.5,40183564.65,10125888.625,360656412.34000003,632446356.115,147003.33333333334,766.25,482.75,380778.0,16444.31,10314.0,22.23239272125,1493356.0,24.371428571428574
Чувашская Республика — Чувашия,18919.666666666668,26226.333333333332,135.0625,824991.1666666666,135.16666666666666,2.9416666666666664,118592.18399999998,14.2,0.3,95869.05,1611.8,14882.623125,26.2076923076923,22.2,4.2,73.6,725413.175,25697725.0075,6453356.65,204777269.7675,237653764.60000002,123133.22222222222,124.5,255.125,312342.0,15545.52,9804.0,20.784300562500004,1207875.0,24.642857142857142
Пермский край,29534.333333333332,34850.166666666664,381.46875,2147283.3333333335,163.14166666666668,23.341666666666665,233702.956,16.0,0.4,96476.05,2082.9333333333334,33769.48499999999,17.211538461538463,41.5,3.7,54.8,341889802.15,123513130.48,26809566.950000003,1070773341.0199999,1562985840.6,198739.11111111112,670.375,1751.125,672211.0,16816.87,10844.0,21.93136519375,2579261.0,24.400000000000002
Кировская область,22453.333333333332,26929.0,153.875,1294276.0,116.49166666666667,3.866666666666667,121634.052,14.9,0.3,75074.95,822.9666666666666,14662.749375,24.096153846153847,40.8,3.4,55.7,1719270.2149999999,40387686.115,7252260.34,231496545.42,280855762.09,146872.0,730.0,400.875,380153.14285714284,16337.32,10710.0,19.45195323,1250173.0,28.74285714285714
Нижегородская область,31542.666666666668,31838.166666666668,367.03125,3036976.0,95.32499999999999,12.283333333333331,195429.78399999999,17.5,0.2,91170.45000000001,676.6999999999999,34569.986874999995,16.303846153846152,31.7,3.8,64.5,1645956.175,106809487.195,31076052.9,1371244527.14,1510776023.4099998,216634.66666666666,921.0,995.0,901557.4285714285,16472.18,10372.0,18.27285711625,3176552.0,27.571428571428573
Оренбургская область,23430.833333333332,29429.0,292.5,2000748.6666666667,137.70833333333331,7.841666666666666,222197.16,19.0,1.0,78544.45000000001,1172.5333333333333,25405.239999999998,21.876923076923074,42.8,3.3,53.9,500766822.09999996,63039287.6425,19409165.375,322163991.5375,905379266.655,152341.88888888888,866.0,813.125,497740.71428571426,15446.37,9760.0,21.77001325125,1942915.0,24.728571428571428
Пензенская область,22056.0,27877.666666666668,137.8125,1018099.8333333334,170.7166666666667,11.183333333333335,131569.236,16.9,0.1,73892.55,713.4333333333334,12941.874375,24.615384615384617,32.7,12.8,54.5,1310516.0499999998,22272335.0,6365299.6,219651229.27499998,249599379.925,152727.55555555556,142.25,248.125,363012.14285714284,15395.84,9610.0,17.385334727500002,1290898.0,29.199999999999996
Самарская область,28243.0,32428.166666666668,294.78125,2241718.3333333335,99.25,18.791666666666668,222190.996,16.9,0.3,100452.70000000001,1040.4333333333332,35355.55437499999,17.623076923076923,36.9,9.5,53.6,321398093.875,127211276.0075,43516514.6225,1077986398.2,1570112282.705,200478.66666666666,758.625,978.75,833334.8571428572,16484.13,10962.0,18.618954218749998,3154164.0,26.714285714285715
Саратовская область,21397.5,26983.166666666668,309.34375,1441206.0,103.03333333333335,7.375,140879.296,17.8,1.7,74971.0,1071.3999999999999,25248.302499999998,24.03076923076923,39.0,2.5,58.5,35468509.6,97675384.84,14753419.850000001,397223946.305,545121260.595,141272.77777777778,578.125,787.25,639372.1428571428,15180.92,9631.0,18.29028589875,2395111.0,27.271428571428572
Ульяновская область,23282.833333333332,27494.666666666668,166.21875,1175804.8333333333,146.13333333333333,16.125,138229.24800000002,17.9,0.5,88122.25,661.0,13025.873749999999,21.746153846153845,38.4,3.1,58.5,10636486.84,27296490.200000003,9299930.025,276551226.4775,323784133.5425,146659.22222222222,382.625,414.125,340237.28571428574,15486.37,10306.0,17.8735654225,1218319.0,28.37142857142857
Курганская область,20773.833333333332,27134.166666666668,145.21875,774761.8333333334,134.54166666666666,24.758333333333336,119218.696,16.7,0.9,94560.95,1275.6000000000001,10504.121875,29.700000000000003,39.4,2.4,58.2,3381283.325,20621190.39,3600096.6575,112741248.485,140343818.85750002,132054.88888888888,422.75,527.75,242866.7142857143,15613.02,10452.0,20.990746445,818570.0,28.642857142857142
Свердловская область,36207.333333333336,36702.833333333336,493.03125,2887300.0,104.07499999999999,30.991666666666664,240022.08399999997,15.8,0.5,74009.7,1127.6333333333334,54376.48562499999,15.896153846153844,46.3,2.2,51.5,82182147.125,244949710.18750003,72382575.44500001,1953744313.3975,2353258746.155,252215.0,2078.25,1760.625,1146340.5714285714,17329.96,10817.0,20.8417155275,4290067.0,25.371428571428574
Ханты-Мансийский автономный округ — Югра,50059.5,69360.0,175.03225806451613,543149.1666666666,121.93333333333334,25.133333333333336,880545.547826087,13.9,0.6,89524.4,1403.8666666666668,23907.366875,7.8307692307692305,55.6,1.6,42.9,3320220987.4500003,220242182.79999998,23989538.15,618836550.8924999,4183289259.2925005,243728.77777777778,59.125,347.25,377333.5714285714,24269.75,15890.0,25.07034096625,1687654.0,15.814285714285715
Ямало-Ненецкий автономный округ,78070.5,93313.33333333333,90.5,145572.66666666666,149.75833333333335,18.35,1640576.786956522,15.5,0.8,113972.4,1704.6333333333332,7957.1875,5.750000000000001,51.0,0.7,48.4,2351223033.225,53939251.0,11384815.625,368252669.38,2784799769.23,249421.33333333334,80.75,191.25,120536.85714285714,24325.57,16640.0,26.159551793749998,547010.0,11.742857142857142
Тюменская область,28856.5,43150.833333333336,172.21875,987659.8333333334,129.45555555555555,20.655555555555555,290910.77826086956,18.1,1.0,63981.399999999994,1585.4666666666665,20953.808750000004,13.566666666666668,37.9,7.5,54.7,218648828.27499998,53001253.010000005,13002333.925,701439790.755,986092205.965,244345.44444444444,269.375,508.125,325383.71428571426,17420.35,11748.0,22.9532965675,1543389.0,22.357142857142858
Челябинская область,24744.833333333332,34139.5,433.125,2332220.1666666665,121.8,27.650000000000002,189387.968,16.0,0.5,87331.7,1530.5666666666666,42948.986874999995,18.065384615384616,40.6,6.0,53.4,93129156.525,129556997.4725,38519361.3075,1436463755.1,1697669270.405,156456.77777777778,2361.625,1240.125,896189.5714285715,16570.37,11232.0,20.917171205,3442810.0,25.314285714285713
Республика Алтай,19304.166666666668,29151.833333333332,59.5625,228873.33333333334,123.625,7.166666666666667,107821.5,14.4,1.8,89430.0,2231.233333333333,3887.4375,32.926923076923075,44.5,2.9,52.6,2061726.7750000001,2872515.9749999996,465722.825,4156743.5625,9556709.1375,116796.11111111111,183.75,162.375,40944.42857142857,15092.1,10697.0,30.39333324875,220954.0,18.014285714285712
Республика Тыва (Тува),16124.166666666666,34826.166666666664,136.40625,220805.66666666666,88.15000000000002,10.6,92912.776,13.6,7.3,63618.35,959.3666666666667,7402.311250000001,45.31153846153847,45.0,2.6,52.4,22585844.675,4803955.2075000005,334944.69999999995,529174.255,28253918.8375,71062.88888888889,169.625,563.0,49391.0,17192.77,10674.0,36.9003565875,330368.0,11.114285714285716
Республика Хакасия,21181.5,36441.666666666664,97.9375,292806.6666666667,120.75833333333334,15.875000000000002,184767.28,17.9,1.0,84791.05,1032.2666666666667,7218.185624999999,24.18076923076923,43.2,2.4,54.3,67074184.925000004,51917294.95,1881975.375,96731987.25,217605442.52499998,150800.0,130.5,314.75,126818.42857142857,16363.87,11795.0,23.542532416249998,532036.0,22.985714285714284
Алтайский край,22480.833333333332,24598.0,323.6875,1816918.1666666667,156.23333333333332,27.674999999999997,114429.31599999999,18.0,0.2,111208.65,1600.0333333333335,27605.676249999993,28.96538461538461,31.4,9.2,59.4,7014632.824999999,45471965.17,9664880.375,337589826.13,399741304.42499995,144555.33333333334,1036.5,936.75,630019.8571428572,15291.93,10211.0,20.66793140875,2296353.0,26.685714285714287
Красноярский край,29723.833333333332,44275.833333333336,464.71875,1893378.1666666667,143.08333333333334,23.28333333333333,337849.376,16.6,0.8,78460.95000000001,1497.0666666666666,36217.365,19.426923076923078,35.8,4.8,59.4,679192366.95,172422240.635,30496693.88,1373671073.6525002,2255782375.1175003,184501.88888888888,2106.625,1523.375,705836.1428571428,17933.54,13053.0,21.387845718750004,2855899.0,22.557142857142853
Иркутская область,24346.833333333332,40869.833333333336,430.90625,2213283.8333333335,173.8166666666667,30.549999999999997,237599.41200000004,16.3,0.9,97599.6,1006.0,34139.175624999996,23.253846153846155,41.5,7.0,51.5,552957575.55,123274329.775,17268020.9,505605561.275,1199105487.5,142186.33333333334,2232.125,1710.25,604853.0,17639.8,11982.0,23.54693924875,2375021.0,22.37142857142857
Кемеровская область — Кузбасс,23141.666666666668,35708.0,378.59375,2322801.5,95.49166666666667,35.31666666666666,188432.1,16.3,0.1,86666.6,1866.5,32072.613124999996,16.31153846153846,39.7,4.5,55.8,916654980.525,97795766.8425,32715991.5475,620240616.1925,1667407355.2075,139066.44444444444,2096.875,1903.5,704709.8571428572,16742.06,10403.0,21.27300275875,2633446.0,25.157142857142862
Новосибирская область,28499.333333333332,34463.333333333336,326.6875,1928634.6666666667,69.425,26.208333333333332,196373.77200000003,16.3,1.1,76264.95,1421.5,33832.54124999999,25.04615384615385,34.1,4.4,61.5,67549565.975,64822280.66000001,20796745.5375,526400823.5175,679569415.69,181243.22222222222,688.875,871.5,694504.0,16370.4,11845.0,19.982271488749998,2785836.0,24.599999999999998
Омская область,25742.5,31826.166666666668,257.90625,1337388.5,71.78333333333335,11.125,178710.56399999998,16.9,0.3,88733.5,1132.5333333333335,24406.615625,19.111538461538462,38.8,5.1,56.2,3121227.45,52907289.650000006,11134680.774999999,895609084.2225,962772282.0975001,169246.11111111112,581.0,714.625,495861.0,15662.88,10324.0,20.90419617125,1903675.0,24.571428571428573
Томская область,27370.5,40624.666666666664,141.8125,649031.5,87.94999999999999,14.216666666666663,252385.984,16.9,0.4,71028.35,1009.1,12830.999375,18.376923076923077,42.2,3.6,54.2,176564442.0,35486983.277499996,8525704.075,185826651.87499997,406403781.3275,142619.22222222222,439.5,506.25,254532.7142857143,18072.01,11850.0,20.62310691875,1070339.0,22.514285714285712
Республика Бурятия,24480.333333333332,34592.333333333336,172.1875,787016.0,64.375,5.791666666666668,126111.24,17.2,2.6,60954.6,1059.1666666666667,15347.311249999999,29.89230769230769,41.7,3.7,54.6,34718663.175,26144253.657500003,2294639.8575,74400145.8725,137557702.5625,175618.88888888888,417.375,725.75,202208.85714285713,16093.87,12333.0,26.2978249725,985431.0,19.728571428571428
Республика Саха (Якутия),41844.833333333336,65881.33333333333,199.09375,557478.0,241.46666666666667,7.408333333333335,445547.972,16.5,1.1,103609.70000000001,1822.3666666666668,15041.310625,21.684615384615377,44.2,5.1,50.7,778524891.175,67625405.80250001,6149267.15,36594250.4725,888893814.55,219827.33333333334,526.125,549.125,220330.85714285713,22501.13,17824.0,27.142126336249994,981971.0,16.585714285714285
Забайкальский край,23932.666666666668,38373.5,214.3125,831253.0,129.82500000000002,7.466666666666668,141752.932,17.1,0.9,67719.95,1664.3,15797.249375,34.4076923076923,33.4,7.2,59.3,124267867.85,33936623.075,3242204.3999999994,26805987.7625,188252683.0625,148510.66666666666,1425.625,718.125,221499.57142857142,15932.04,12999.0,24.84079071,1053485.0,20.057142857142857
Камчатский край,48132.0,70722.83333333333,48.375,142419.5,153.75,8.35,324625.056,15.9,2.0,79468.65,1427.3666666666668,3834.875,20.115384615384617,42.6,5.9,51.5,23851252.125,20883110.525,2800434.9,123604719.1,171139516.625,176961.66666666666,297.125,145.5,81718.14285714286,24560.4,21524.0,20.467565183750004,311667.0,20.214285714285715
Приморский край,33902.0,41116.666666666664,300.25,1139707.8333333333,100.48333333333333,32.425000000000004,214573.54,15.7,1.4,71697.25,1630.6666666666667,22051.930624999997,25.407692307692304,49.6,4.2,46.2,22455433.7375,66199283.85,9961084.045,250033929.115,348649730.7475,198118.44444444444,1915.75,946.125,459629.85714285716,16964.78,14025.0,19.23778905125,1877844.0,24.285714285714285
Хабаровский край,38567.666666666664,45182.333333333336,205.875,698636.3333333334,136.90833333333333,10.525,249471.188,15.4,0.2,67013.45000000001,1201.8,16668.5625,19.157692307692308,32.7,6.4,60.9,54872070.24999999,57531118.0,12990158.049999999,319078735.8125,444472082.1125,230455.0,1192.125,696.0,331342.5714285714,19178.5,15569.0,20.19356464875,1301127.0,22.599999999999998
Амурская область,30861.5,41014.333333333336,174.84375,689333.6666666666,119.93333333333334,25.683333333333334,196049.81199999995,17.3,0.3,83665.5,1763.2,10224.059375,26.188461538461546,38.4,4.7,56.9,80939265.325,40325051.675,3183552.825,35828147.2,160276017.125,205867.0,744.5,582.375,187448.42857142858,17101.09,13530.0,22.211413442500003,781846.0,22.514285714285712
Магаданская область,58826.833333333336,82467.5,26.4375,53288.666666666664,346.14166666666665,20.566666666666666,488520.87200000003,13.8,0.0,68714.79999999999,4021.9,1678.375,17.915384615384617,45.8,11.5,54.2,76366952.75,16682955.124999998,999898.1000000001,91562618.8175,185612424.7925,214824.22222222222,230.25,59.125,40223.0,24535.98,20830.0,20.63277497125,139034.0,21.014285714285712
Сахалинская область,53568.333333333336,75366.83333333333,68.25,228219.5,315.02500000000003,29.799999999999997,860733.34,17.2,0.0,82027.2,3441.4,6156.676875,18.892307692307693,44.9,12.1,43.0,846310542.275,18330060.9525,3436313.85,61498004.3,929574921.3774999,294622.77777777775,299.0,263.625,145305.57142857142,21655.01,16130.0,21.016273803749996,485621.0,22.97142857142857
Еврейская автономная область,24975.5,37558.166666666664,46.125,133875.83333333334,174.60000000000002,28.566666666666663,157024.00400000002,13.8,0.5,68677.5,1718.4333333333332,2186.0625,22.21923076923077,34.8,10.8,54.4,12247185.225,4597385.475,463655.725,6364508.75,23672735.175,144836.0,330.125,122.5,37462.42857142857,16481.73,15416.0,22.73442909,156500.0,22.485714285714288
Чукотский автономный округ,75961.83333333333,97464.16666666667,19.46875,17199.5,486.01666666666665,2.85,724122.6760000001,14.1,1.7,118067.15,1694.3,669.4375,11.93846153846154,51.0,2.7,49.0,42658962.75,9914401.924999999,507877.575,40664565.3,93745807.55000001,168237.55555555556,54.0,41.125,12337.42857142857,28426.68,23999.0,25.24734485875,49527.0,14.171428571428569
